node	cluster
Pbla_Phybl2_134258	0
Mver_00240	0
Cele_Y2H9A_1_1	0
Pbla_Phybl2_108062	0
Acas_g7149	0
Mcir_Mucci2_109312	0
Ccor_135587	0
Mcir_Mucci2_106871	0
Rory_6165	0
Amac_03048	0
Crei_XP_001693744	0
Amac_10326	0
Rall_366	0
Spun_SPPG_04074	0
Amac_03049	0
Cint_ENSCINP00000016340	1
Mgut_mgv1a001364m	1
Nvec_XP_001622422	1
Ccri_T00007737001	1
Hsap_ENSP00000320147	1
Tmel_XP_002841864	1
Bnat_78102	1
Dmel_FBpp0076008	1
Cvar_EFN54582	1
Aque_XP_003390508	1
Spur_XP_003725981	1
Smoe_XP_002980071	1
Vcar_XP_002958368	1
Hmag_XP_002165490	1
Mpus_Micpu59369	1
Acoe_003_00541	1
Ocar_g575_t1	1
Spur_XP_001187524	1
Atha_AT1G02580	1
Bdis_1g48340	1
Aano_F0XVI4	1
Pinf_XP_002900788	1
Ctel_20226	1
Acoe_015_00009	1
Pinf_XP_002902603	1
Lgig_200654	1
Spur_XP_790741	1
Otau_XP_003082958	1
Nspp_13586_fr5	1
Smoe_XP_002987466	1
Atha_AT4G02020	1
Bdis_1g64460	1
Mgut_mgv1a002769m	1
Atha_AT2G23380	1
Smoe_XP_002994616	1
Rall_1005	1
Adig_6676v104625	1
Cgig_10023111	1
Mlei_ML01861a	1
Hsap_ENSP00000264646	1
Scil_36565	1
Sbic_01g037450	1
Ppat_XP_001768188	1
Rirr_345734	1
Sbic_10g004560	1
Apar_comp18592_c0_seq1_fr6	1
Hsap_ENSP00000373637	2
Atha_AT1G33400	2
Cfra_1127T1	2
Hsap_ENSP00000355924	2
Mver_02594	2
Ppat_XP_001754073	2
Crev_80574	2
Pinf_XP_002900537	2
Spur_XP_001199204	2
Cint_ENSCINP00000013431	2
Bdis_3g30360	2
Spur_XP_003731708	2
Spur_XP_003728116	2
Mgut_mgv1a002206m	2
Spur_XP_003730778	2
Nvec_XP_001627600	2
Spur_XP_799878	2
Spur_XP_003730587	2
Tadh_XP_002109888	2
Spur_XP_788278	2
Hmag_XP_002163555	2
Adig_18862v114854	2
Adig_2070v103434	3
Scil_70867	3
Cint_ENSCINP00000000048	3
Skow_NP_001161634	3
Scil_70624	3
Ptet_A0D2C2_A0D2C2	3
Cgig_10001616	3
Scil_67503	3
Scil_95376	3
Nvec_XP_001634375	3
Cele_C41G7_4	3
Spur_XP_790201	3
Spun_SPPG_02720	3
Tadh_XP_002109980	3
Scil_89977	3
Adig_2065v103432	3
Scil_90070	3
Adig_17466v101523	3
Skow_XP_002737396	3
Nvec_XP_001630839	3
Spur_XP_001200656	3
Ctel_202965	3
Lgig_114994	3
Mlei_ML124240a	3
Ptet_A0D472_A0D472	3
Nvec_XP_001638198	3
Adig_2550v120377	3
Crei_XP_001701518	3
Ocar_g8397_t1	3
Cgig_10027610	3
Hsap_ENSP00000384725	3
Ctel_75757	3
Ptet_A0CDR5_A0CDR5	3
Hsap_ENSP00000358092	3
Adig_5324v122563	3
Spun_SPPG_07674	3
Spur_XP_792487	3
Nvec_XP_001630482	3
Nvec_XP_001641018	3
Ctel_103287	3
Lgig_169169	3
Hsap_ENSP00000235372	3
Scil_67802	3
Spur_XP_003724787	3
Adig_2069v103431	3
Nvec_XP_001628558	3
Vcar_XP_002953101	3
Cele_C49F5_2	3
Cele_R11E3_4	3
Lgig_156439	3
Aque_XP_003387382	3
Adig_3112v120858	3
Cgig_10013102	3
Adig_23202v118285	3
Aque_XP_003387259	3
Hmag_XP_002154805	3
Skow_XP_002739286	3
Cele_Y24D9A_2	3
Scil_48982	3
Lgig_153726	3
Hsap_ENSP00000276594	3
Adig_17948v114072	3
Esil_CBN80451	3
Adig_2066v103428	3
Tvag_XP_001320364	3
Adig_2067v103430	3
Spur_XP_799022	3
Nvec_XP_001640186	3
Tvag_XP_001580691	3
Cgig_10016009	3
Nvec_XP_001630857	3
Cpar_12930Contig6860	4
Tgon_XP_002371298	4
Skow_XP_002737721	4
Tpse_XP_002295207	4
Pfal_Q8I1Z0_Q8I1Z0	4
Cgig_10016754	4
Cowc_CAOG_07681	4
Cele_T26A5_7a	4
Tadh_XP_002114992	4
Ctel_172225	4
Mlei_ML024912a	4
Dmel_FBpp0082387	4
Hmag_XP_002154569	4
Ctel_49838	4
Spur_XP_001198325	4
Ctel_214008	4
Sarc_SARC_03923	4
Ihof_7590	4
Spur_XP_797080	4
Cint_ENSCINP00000025690	4
Cgig_10021314	4
Nvec_XP_001629745	4
Clim_g3130	4
Cpar_20263Contig25695	4
Aque_XP_003387132	4
Ppal_EFA79695_1	4
Cfra_1842T1	4
Spur_XP_003728212	4
Sros_PTSG_09393	4
Mbre_XP_001744129	4
Ocar_g7553_t1	4
Apar_comp22257_c0_seq1_fr4	4
Mlei_ML19101a	4
Lgig_117025	4
Mvib_comp6636_c1_seq1_fr4	4
Clim_g757	4
Hsap_ENSP00000332995	4
Scil_63960	4
Hmag_XP_002158221	4
Acas_g11544	5
Cgig_10017490	5
Ptri_XP_002184115	5
Tadh_XP_002117297	5
Spur_XP_003727587	5
Cele_C26E6_9c	5
Lgig_138486	5
Tvag_XP_001322206	5
Dmel_FBpp0112592	5
Mlei_ML056953a	5
Esil_CBN74374	5
Ptri_XP_002184116	5
Ihof_383	5
Hsap_ENSP00000267197	5
Scil_54447	5
Aano_F0YDE7	5
Ctel_150651	5
Sros_PTSG_11893	5
Apar_comp23409_c1_seq1_fr4	5
Tvag_XP_001581581	5
Nvec_XP_001636609	5
Ehux_311470	5
Cint_ENSCINP00000011316	5
Aque_XP_003385238	5
Hmag_XP_002161122	5
Hsap_ENSP00000262519	5
Rirr_66612	5
Ocar_g9304_t1	5
Tthe_XP_001007909	6
Aker_28962	6
Ptet_A0DNF5_A0DNF5	6
Ppat_XP_001781749	6
Rfil_109858_1c	6
Gthe_56155	6
Otau_XP_003080081	6
Mpus_Micpu52469	6
Bnat_146525	6
Mgut_mgv1a000031m	6
Smoe_XP_002990183	6
Pinf_XP_002907842	6
Tthe_XP_001024864	6
Smoe_XP_002994441	6
Aker_53819	6
Ptet_A0DQ87_A0DQ87	6
Smoe_XP_002992504	6
Aker_99154	6
Mpus_Micpu51562	6
Aano_F0Y9B5	6
Ehux_118705	6
Ptet_A0C497_A0C497	6
Sros_PTSG_04178	6
Rfil_3784744_2s	6
Cang_120509	6
Ptet_A0BJ67_A0BJ67	6
Tpse_XP_002290717	6
Ehux_470404	6
Atha_AT4G15180	6
Sbic_07g005020	6
Ngru_XP_002679121	6
Vcar_XP_002951499	6
Ppat_XP_001770247	6
Sarc_SARC_11016	6
Acoe_005_00399	6
Ptet_A0DZ39_A0DZ39	6
Bdis_3g15410	6
Apar_comp18887_c1_seq1_fr4	6
Clim_g6588	6
Sagg_62231	6
Rfil_32637_1c	6
Cfra_5212T1	6
Ihof_9191	6
Ptri_XP_002178826	6
Mbre_XP_001750922	6
Esil_CBN77807	6
Rfil_121409_1c	6
Ehux_210156	6
Tgon_XP_002365011	6
Otau_XP_003081944	6
Crei_XP_001701098	6
Tthe_XP_001032856	6
Mpus_Micpu51358	6
Cpar_28224Contig56056	7
Pinf_XP_002899278	7
Methanoregula_boonei_501056142_20_11	7
Ehux_453655	7
Esil_CBN75501	7
Bnat_136495	7
Nvec_XP_001621978	7
Pmar_XP_002787740	7
Nvec_XP_001622536	7
Mpus_Micpu56361	7
Gthe_131886	7
Adig_13723v110302	8
Scil_9219	8
Dmel_FBpp0075510	8
Acas_g8180	8
Rall_1841	8
Ocar_g2500_t1	8
Hsap_ENSP00000384114	8
Cele_Y73B3B_2	8
Ihof_9932	8
Cgig_10010657	8
Mlei_ML01132a	8
Scil_83602	8
Nvec_XP_001637486	8
Tadh_XP_002117828	8
Hmag_XP_002158654	8
Lgig_139900	8
Rory_4092	8
Mbre_XP_001745803	8
Cowc_CAOG_02237	8
Mver_04374	8
Spur_XP_785251	8
Scil_60754	8
Ppal_EFA86338_1	8
Rirr_253856	8
Cint_ENSCINP00000024302	8
Spom_NP_594837_1	8
Hsap_ENSP00000257745	8
Adig_11240v107992	8
Cang_50153	8
Scil_12689	8
Pbla_Phybl2_145894	8
Adig_17690v113829	8
Mcir_Mucci2_159353	8
Fgra_FGSG_09585	8
Mcir_Mucci2_163371	8
Aque_XP_003383073	8
Crev_10785	8
Spur_XP_003726851	8
Rory_14883	8
Umar_225992	9
Mcir_Mucci2_183066	9
Mver_10454	9
Lgig_210687	9
Mvib_comp9388_c0_seq1_fr4	9
Ihof_3025	9
Apar_comp69060_c0_seq1_fr5	9
Gthe_106158	9
Cvar_EFN55457	9
Bden_Batde5_23340	9
Pbla_Phybl2_161758	9
Ctel_140019	9
Ccor_86723	9
Cang_64968	9
Nvec_XP_001625323	9
Hmag_XP_002160713	9
Rory_10421	9
Rirr_97053	9
Skow_XP_002737626	9
Hsap_ENSP00000329189	9
Scil_69782	9
Crev_10775	9
Cint_ENSCINP00000020275	9
Amac_05234	9
Spur_XP_001201449	9
Umar_257427	10
Rory_3197	10
Mcir_Mucci2_106522	10
Esil_CBN74163	10
Mbre_XP_001746892	10
Pbla_Phybl2_182546	10
Bden_Batde5_90401	10
Spun_SPPG_04849	10
Lgig_118649	11
Cint_ENSCINP00000009807	11
Spur_XP_798530	11
Ihof_9696	11
Cele_Y71H2AM_8	11
Ddis_XP_646263	11
Apar_comp23864_c1_seq1_fr6	11
Mbre_XP_001745126	11
Ctel_181634	11
Nvec_XP_001633261	11
Gpro_40672	11
Bnat_89596	11
Hsap_ENSP00000327436	11
Bden_Batde5_86177	11
Cowc_CAOG_03170	11
Ocar_g6160_t1	11
Cfra_1641T1	11
Cowc_CAOG_04380	12
Tcru_XP_815053	12
Cowc_CAOG_05400	12
Acas_g14290	12
Tcru_XP_805712	12
Scil_54307	12
Ppal_EFA80143_1	12
Aker_100229	12
Ngru_XP_002671481	12
Ddis_XP_647487	12
Bsal_BS31705	12
Spur_XP_003730416	13
Cgig_10022534	13
Ppat_XP_001786289	14
Smoe_XP_002963144	14
Vcar_XP_002948967	14
Mpus_Micpu205714	14
Smoe_XP_002981230	14
Smoe_XP_002983641	14
Smoe_XP_002991840	14
Otau_XP_003081858	14
Ncra_794NCU00870	14
Crei_XP_001701009	14
Smoe_XP_002979745	14
Crei_XP_001701008	14
Ppat_XP_001778358	14
Smoe_XP_002982699	14
Smoe_XP_002975639	14
Ppal_EFA83360_1	14
Bdis_1g73790	14
Tmel_XP_002836440	14
Sros_PTSG_04361	14
Crei_XP_001701010	14
Smoe_XP_002966366	14
Sarc_SARC_13768	14
Cele_Y32F6A_1_1	14
Ppat_XP_001770248	14
Smoe_XP_002972331	14
Smoe_XP_002975811	14
Acoe_002_00665	14
Smoe_XP_002990338	14
Smoe_XP_002973763	14
Smoe_XP_002990571	14
Smoe_XP_002979364	14
Cpar_23305Contig38514	14
Umay_XP_758014	14
Smoe_XP_002978194	14
Smoe_XP_002973616	14
Gthe_116344	14
Atha_AT1G26760	14
Sbic_01g045950	14
Smoe_XP_002980178	14
Smoe_XP_002971811	14
Smoe_XP_002988390	14
Smoe_XP_002990851	14
Mgut_mgv1a019293m	14
Ehux_104231	15
Cang_57221	15
Umay_XP_761474	15
Otau_XP_003082984	15
Ehux_108977	15
Ttra_AMSG_04237	15
Ccin_CC1G_14673	15
Bnat_69405	15
Ptet_A0D4G4_A0D4G4	15
Ptet_A0CEH6_A0CEH6	15
Ptet_A0D226_A0D226	15
Cowc_CAOG_04094	15
Ptet_A0CG77_A0CG77	15
Amac_02309	15
Cang_54737	15
Ptet_A0BS83_A0BS83	15
Ptet_A0D167_A0D167	15
Tpse_XP_002293161	15
Bsal_BS36695	15
Amac_11375	16
Cang_114976	16
Amac_13838	16
Crev_41928	16
Spom_NP_596799_2	16
Pisp_69739	16
Rirr_36464	16
Apar_comp20834_c2_seq1_fr5	16
Bnat_129526	16
Acas_g754	16
Mcir_Mucci2_107056	16
Bden_Batde5_86633	16
Rall_2313	16
Cowc_CAOG_00643	16
Tthe_XP_001009809	16
Mver_08386	16
Rory_7153	16
Spun_SPPG_04331	16
Rirr_340241	17
Ptri_XP_002176717	17
Gthe_69157	17
Ddis_XP_629856	17
Tpse_XP_002287806	17
Sarc_SARC_00798	17
Bnat_87411	17
Smoe_XP_002983839	18
Bnat_134142	18
Acas_g11639	18
Smoe_XP_002966891	18
Mgut_mgv1a005857m	18
Smoe_XP_002967739	18
Smoe_XP_002988920	18
Ppat_XP_001783777	18
Mpus_Micpu55322	18
Bnat_87612	18
Smoe_XP_002974908	18
Smoe_XP_002960832	18
Otau_XP_003078319	18
Gthe_104681	18
Smoe_XP_002983976	18
Smoe_XP_002961120	18
Smoe_XP_002992361	18
Acas_g14733	18
Ppat_XP_001774257	18
Atha_AT3G55080	18
Smoe_XP_002991767	18
Smoe_XP_002989713	18
Smoe_XP_002960159	18
Smoe_XP_002960830	18
Smoe_XP_002960831	18
Acoe_027_00195	18
Tadh_XP_002114620	19
Amac_04063	19
Ctel_159764	19
Nvec_XP_001627062	19
Nspp_10623_fr6	19
Cang_44709	19
Amac_01567	19
Adig_9231v106136	19
Dmel_FBpp0083507	19
Cgig_10009476	19
Lgig_231752	19
Nspp_10626_fr4	19
Cowc_CAOG_07464	19
Skow_XP_002735533	19
Acas_g1616	19
Ihof_6005	19
Cint_ENSCINP00000004219	19
Hsap_ENSP00000374152	19
Nspp_10625_fr4	19
Hmag_XP_002160911	19
Tpse_XP_002292460	19
Nspp_10624_fr6	19
Spur_XP_784346	19
Scil_51718	19
Ttra_AMSG_06270	20
Ppat_XP_001754113	20
Ptri_XP_002185762	20
Ccri_T00006620001	20
Cmer_CMN207C	20
Aano_F0XXC3	20
Bnat_90881	20
Tpse_XP_002286075	20
Esil_CBJ29688	20
Gthe_138732	20
Pyez_44569_g9912	20
Smoe_XP_002993188	20
Smoe_XP_002965462	20
Ppat_XP_001766471	21
Tgon_XP_002366334	21
Pinf_XP_002905874	21
Ngad_00849_01	21
Pfal_C6KTD2_HKNMT	21
Bdis_4g37627	21
Glam_XP_001708058	21
Cpar_29058Contig6840	21
Bnat_37368	21
Cgig_10003128	21
Acoe_016_00095	21
Sbic_02g032470	21
Ppat_XP_001756249	21
Pinf_XP_002895674	21
Ppat_XP_001758752	21
Cvar_EFN59915	22
Aker_49446	22
Mpus_Micpu58454	22
Cfra_6425T1	22
Sarc_SARC_05902	22
Mbre_XP_001748272	22
Ehux_194541	22
Sagg_84574	22
Mvib_comp9007_c1_seq1_fr4	22
Gthe_164767	22
Tmel_XP_002838740	23
Atha_AT1G77300	23
Umay_XP_758647	23
Gthe_65244	23
Ncra_243NCU00269	23
Ccin_CC1G_09124	23
Bdis_3g45727	23
Mpus_Micpu164960	23
Fgra_FGSG_05558	23
Smoe_XP_002982470	23
Cneo_XP_572085	23
Ppat_XP_001757655	23
Sbic_04g022620	23
Acas_g8750	23
Ppat_XP_001774900	23
Scer_SCRT_03509	23
Spom_NP_594980_1	23
Esil_CBN76570	24
Pinf_XP_002900479	24
Pyez_41266_g9405	24
Aano_F0Y2P1	24
Ccri_T00005569001	24
Pinf_XP_002903302	24
Pinf_XP_002906394	24
Ehux_104217	24
Pinf_XP_002997080	24
Ehux_99042	24
Pinf_XP_002903975	24
Ngru_XP_002671048	25
Ttra_AMSG_10069	25
Spom_NP_596514_1	25
Rirr_344831	25
Scil_45327	25
Hsap_ENSP00000304360	26
Dmel_FBpp0087625	26
Nvec_XP_001627273	26
Ddis_XP_629223	26
Hmag_XP_002160254	26
Scil_46411	26
Cpar_27811Contig55046	26
Ctel_197951	26
Ppal_EFA81042_1	26
Spur_XP_781331	26
Mlei_ML368810a	26
Skow_XP_002733823	26
Cint_ENSCINP00000026472	26
Spur_XP_001181205	26
Ocar_g9404_t1	26
Lgig_169490	26
Sarc_SARC_01601	27
Skow_XP_002731242	27
Ptet_A0DWT5_A0DWT5	27
Sarc_SARC_06292	28
Aque_XP_003384664	28
Ppal_EFA81031_1	28
Bnat_72270	28
Scil_43878	28
Bden_Batde5_91931	28
Ddis_XP_647576	28
Tpse_XP_002294263	28
Gpro_86511	28
Esil_CBN74814	28
Spur_XP_003728661	28
Rirr_178744	28
Mcir_Mucci2_40608	28
Mver_03682	28
Otau_XP_003082786	28
Skow_XP_002732754	28
Lgig_143999	28
Spur_XP_003728662	28
Hsap_ENSP00000357330	28
Pinf_XP_002999311	28
Acas_g5506	28
Ctel_176480	28
Ccri_T00007124001	28
Cgig_10006344	28
Pyez_37940_g8901	28
Ngad_05847	28
Ngad_00540	28
Ngad_05385	28
Pbla_Phybl2_136385	28
Ctel_112305_2	28
Aano_F0Y5D0	28
Umar_249280	28
Spur_XP_784903	28
Dmel_FBpp0074738	28
Mver_08333	28
Ocar_g2341_t1	28
Rory_11014	28
Mpus_Micpu155764	28
Scil_50427	28
Cfra_0207T1	28
Ehux_62571	29
Sbic_09g024010	29
Atha_AT1G73100	29
Bdis_2g13416	29
Bdis_1g53840	29
Acoe_009_00084	29
Atha_AT2G05900	29
Sbic_08g001570	29
Vcar_XP_002952737	29
Pmar_XP_002767929	29
Atha_AT2G24740	29
Atha_AT5G04940	29
Sbic_03g037660	29
Sbic_06g001340	29
Crei_XP_001701764	29
Atha_AT1G17770	29
Cvar_EFN57970	29
Bdis_4g43717	29
Aano_F0XVZ8	29
Mgut_mgv1a002144m	29
Mgut_mgv1a003074m	29
Esil_CBJ29831	29
Pmar_XP_002785418	29
Bdis_4g25940	29
Mpus_Micpu62078	29
Sbic_02g006620	29
Mpus_Micpu68459	30
Otau_XP_003084059	30
Esil_CBJ33274	30
Amac_03278	30
Dmel_FBpp0112128	30
Cfra_2215T1	30
Cpar_26081Contig52867	30
Ehux_197202	30
Ehux_61763	30
Ncra_5372NCU06119	30
Sarc_SARC_03282	30
Rirr_85029	30
Bnat_40920	30
Cele_Y41D4B_12a	30
Sbic_04g029430	31
Vcar_XP_002947838	31
Nspp_14963_fr5	31
Ptri_XP_002183265	31
Mpus_Micpu122950	31
Atha_AT3G07670	31
Smoe_XP_002963244	31
Acoe_001_00751	31
Smoe_XP_002974548	31
Mgut_mgv1a004696m	31
Ppat_XP_001754252	31
Bnat_142128	31
Otau_XP_003081307	31
Bdis_3g56450	31
Cvar_EFN58197	31
Ttra_AMSG_02056	32
Mver_01422	32
Pbla_Phybl2_133104	32
Nspp_12465_fr6	32
Mlei_ML09663a	32
Lgig_227153	32
Ccor_47936	32
Rirr_34964	32
Cowc_CAOG_03906	32
Cint_ENSCINP00000025949	32
Cang_125716	32
Mcir_Mucci2_34233	32
Falb_H696_01829T1	32
Skow_XP_002733567	32
Ctel_160470	32
Cang_123522	32
Adig_10964v107744	32
Spun_SPPG_06324	32
Nvec_XP_001635826	32
Sros_PTSG_08872	32
Cmer_CMN313C	32
Tadh_XP_002110866	32
Cmer_CML152C	32
Spur_XP_783359	32
Gpro_455465	32
Scil_58119	32
Cgig_10007074	32
Aque_XP_003387717	32
Hsap_ENSP00000386759	32
Spur_XP_003725626	32
Scil_27866	32
Rory_1193	32
Rory_5504	32
Mver_11821	32
Nspp_14576_fr3	32
Falb_H696_01829T0	32
Mcir_Mucci2_38052	32
Hmag_XP_002169363	32
Crev_88476	32
Amac_11220	32
Cele_C43E11_3a	32
Pisp_22950	32
Mvib_comp16013_c3_seq1_fr4	32
Rall_5258	32
Umar_257554	32
Dmel_FBpp0073610	32
Rory_16719	32
Clim_g2911	32
Mbre_XP_001747356	32
Umay_XP_759888	33
Bnat_137864	33
Ncra_2647NCU02962	33
Bnat_135991	33
Ttra_AMSG_10303	33
Cvar_EFN59819	34
Pyez_36087_g8602	34
Dmel_FBpp0084636	34
Cele_T12F5_4	34
Bden_Batde5_90118	34
Crei_XP_001694743	34
Vcar_XP_002954751	34
Bnat_85862	34
Mlei_ML205611a	35
Aker_53277	35
Aker_57510	35
Mpus_Micpu58542	35
Sarc_SARC_01035	35
Mlei_ML16213a	35
Tpse_XP_002290198	35
Mlei_ML05941a	35
Cfra_4843T1	35
Mlei_ML22756a	35
Mlei_ML13116a	35
Ptri_XP_002182999	35
Ddis_XP_629629	36
Tpse_XP_002292103	36
Acas_g5076	36
Ppal_EFA80942_1	36
Cang_345912	36
Cang_73015	36
Cang_50545	36
Rirr_210128	36
Smoe_XP_002970505	36
Acas_g9840	37
Apar_comp19285_c0_seq1_fr5	37
Ihof_2778	37
Amac_09338	38
Rirr_324218	38
Rirr_8856	38
Rirr_323896	38
Amac_06039	38
Rirr_89547	38
Rirr_345445	38
Rirr_1590	38
Rirr_16582	38
Rirr_323213	38
Rirr_84100	38
Rirr_98806	38
Rirr_33049	38
Ehux_211778	39
Mpus_Micpu50143	39
Esil_CBN78619	39
Pinf_XP_002901357	39
Acas_g9677	39
Bnat_76140	39
Ehux_235309	39
Ptri_XP_002176313	39
Scil_68011	40
Mpus_Micpu197287	40
Cneo_XP_567975	40
Rory_11187	40
Rirr_156604	40
Tpse_XP_002287224	40
Ocar_g5802_t1	40
Fgra_FGSG_13489	40
Scer_SCRT_00269	40
Umay_XP_759768	40
Hsap_ENSP00000219315	40
Cgig_10004098	40
Lgig_217400	40
Nvec_XP_001629819	40
Vcar_XP_002951655	40
Ccin_CC1G_03233	40
Spur_XP_787519	40
Aque_XP_003382977	40
Cint_ENSCINP00000020186	40
Ncra_8714NCU09827	40
Otau_XP_003079418	40
Ctel_151537	40
Mbre_XP_001748684	40
Mcir_Mucci2_106194	40
Sros_PTSG_01368	40
Cang_156814	40
Crei_XP_001703371	40
Umar_246787	40
Bnat_69062	40
Mver_06965	40
Amac_13919	40
Spom_NP_594072_1	40
Ngru_XP_002678629	41
Pinf_XP_002907066	41
Aano_F0Y597	42
Nspp_11131_fr3	42
Rory_14281	42
Cpar_6433Contig37665	42
Tcru_XP_814551	42
Bsal_BS38715	42
Gthe_115058	42
Bsal_BS15675	42
Bsal_BS55385	43
Ddis_XP_644838	43
Tcru_XP_811771	43
Tcru_XP_807160	43
Ppal_EFA76267_1	43
Ddis_XP_644839	43
Lmaj_XP_001683414	43
Tgon_XP_002370230	44
Mpus_Micpu209945	44
Atha_AT2G33290	45
Acoe_025_00050	45
Sbic_02g010210	45
Atha_AT4G13460	45
Mgut_mgv1a002504m	45
Bdis_2g60080	45
Bdis_3g12710	45
Sbic_07g023560	45
Mgut_mgv1a002557m	45
Bdis_1g29010	45
Spun_SPPG_08714	45
Hsap_ENSP00000222270	46
Nvec_XP_001623359	46
Tadh_XP_002112190	46
Ocar_g10414_t1	46
Ctel_179499	46
Skow_XP_002740398	46
Aque_XP_003389474	46
Mbre_XP_001747654	46
Apar_comp16066_c0_seq1_fr6	46
Dmel_FBpp0082406	46
Adig_278v118577	46
Mlei_ML41301a	46
Scil_30598	46
Cgig_10008103	46
Hsap_ENSP00000436786	46
Lgig_209271	46
Cfra_2688T1	46
Ihof_1761	46
Sarc_SARC_04312	46
Nvec_XP_001622958	46
Hmag_XP_002161520	46
Cint_ENSCINP00000025384	46
Mbre_XP_001748661	47
Cowc_CAOG_03580	47
Ehux_70530	47
Mvib_comp3625_c0_seq1_fr6	47
Ccor_82240	47
Hsap_ENSP00000417980	48
Cint_ENSCINP00000003247	48
Cint_ENSCINP00000028043	48
Ctel_206547	48
Mpus_Micpu54214	48
Hsap_ENSP00000379078	48
Spur_XP_003728726	48
Hsap_ENSP00000408583	48
Skow_XP_002733701	48
Ocar_g6960_t1	48
Spur_XP_785941	48
Rirr_39959	49
Bden_Batde5_6084	49
Ncra_3927NCU04402	49
Crev_82539	49
Fgra_FGSG_02778	49
Esil_CBN78286	49
Ngru_XP_002673418	49
Spun_SPPG_05106	49
Gpro_66054	50
Apar_comp26195_c0_seq1_fr6	50
Pinf_XP_002909121	50
Bsal_BS38710	50
Sarc_SARC_06586	50
Ihof_9721	50
Esil_CBN75282	50
Ddis_XP_635865	50
Cfra_2387T1	50
Clim_g3288	50
Rall_1732	50
Tpse_XP_002297463	50
Ihof_3741	50
Ctel_93578	51
Spur_XP_785219	51
Hmag_XP_002164851	51
Cint_ENSCINP00000025831	51
Skow_XP_002731935	51
Nvec_XP_001635219	51
Hsap_ENSP00000372347	51
Tadh_XP_002116791	51
Mlei_ML033625a	51
Hsap_ENSP00000395929	51
Cgig_10013318	51
Lgig_192045	51
Gthe_66832	51
Lgig_123404	51
Hsap_ENSP00000313983	51
Rfil_3385791_2s	52
Cneo_XP_567801	52
Pisp_9162	52
Rfil_27068_8c	52
Pisp_20568	52
Fgra_FGSG_00899	52
Rirr_342509	52
Amac_02546	52
Pisp_68567	52
Ncra_6617NCU07496	52
Amac_01030	52
Sarc_SARC_14258	52
Cang_28328	52
Gthe_139254	52
Pisp_69677	52
Rfil_3757546_5s1f1	52
Pinf_XP_002899451	52
Esil_CBJ30962	53
Esil_CBJ28193	53
Mpus_Micpu57043	53
Esil_CBJ48999	53
Esil_CBJ33295	53
Esil_CBN75284	53
Esil_CBJ49018	53
Acas_g9771	54
Tgon_XP_002371618	54
Acas_g11306	54
Ihof_3148	54
Apar_comp19575_c0_seq1_fr6	54
Gthe_104225	54
Tcru_XP_819967	55
Lmaj_XP_001681117	55
Tcru_XP_813739	55
Apar_comp13070_c1_seq1_fr6	55
Sagg_79832	55
Aano_F0XYZ4	55
Aano_F0XZE1	55
Scil_27079	56
Tadh_XP_002117622	56
Aque_XP_003387124	56
Smoe_XP_002964246	57
Ppat_XP_001752275	57
Gthe_62776	57
Bdis_2g51320	57
Mgut_mgv1a009915m	57
Sbic_03g035910	57
Acoe_009_00559	57
Smoe_XP_002989567	57
Atha_AT3G03750	57
Cgig_10003511	58
Ctel_210805	58
Bsal_BS24245	58
Ctel_195572	58
Lmaj_XP_003722631	58
Tcru_XP_813290	58
Tcru_XP_810100	58
Cgig_10000979	58
Acoe_005_00445	59
Atha_AT3G21820	59
Smoe_XP_002966643	59
Acas_g3116	59
Apar_comp18491_c0_seq1_fr5	59
Mpus_Micpu57921	59
Otau_XP_003083145	59
Cneo_XP_569210	59
Bdis_5g22730	59
Ccin_CC1G_05287	59
Smoe_XP_002978099	59
Ehux_448796	59
Mbre_XP_001749762	59
Cvar_EFN50876	59
Ehux_449359	59
Tgon_XP_002365375	59
Sbic_06g029440	59
Umay_XP_758615	59
Vcar_XP_002953997	59
Bsal_BS55355	59
Mpus_Micpu20125	59
Mgut_mgv1a005946m	59
Ppat_XP_001759368	59
Crei_XP_001689685	59
Rory_4950	60
Umar_222446	60
Mcir_Mucci2_107212	60
Pbla_Phybl2_189332	60
Rirr_5517	60
Apar_comp14767_c0_seq1_fr6	60
Pisp_16258	60
Mver_04558	60
Mcir_Mucci2_112353	60
Ccin_CC1G_04780	60
Gpro_26820	60
Sbic_06g034060	61
Acas_g441	61
Smoe_XP_002966287	61
Ppat_XP_001785809	61
Ppat_XP_001757011	61
Mgut_mgv1a001540m	61
000REFERENE_ANOTATE_ML1	61
Acoe_025_00006	61
Atha_AT5G43990	61
Bdis_5g00500	61
Sbic_04g026310	61
Bdis_3g48980	61
Atha_AT3G04380	61
Mgut_mgv1a001836m	61
Smoe_XP_002978283	61
Atha_AT1G04050	61
Ptet_A0BRZ9_A0BRZ9	61
Sbic_07g023480	61
Ptet_A0EBG7_A0EBG7	61
Ptet_A0D7N3_A0D7N3	61
Bdis_3g12790	61
Mgut_mgv1a004355m	61
Tadh_XP_002113092	61
Bdis_3g48970	61
Mgut_mgv1a019352m	61
Mgut_mgv1a008633m	61
Ptri_XP_002186224	61
Bdis_1g64870	61
Acoe_034_00271	61
Lmaj_XP_001682042	62
Ehux_233107	62
Bsal_BS32985	62
Tcru_XP_805087	62
Tcru_XP_821804	62
Otau_XP_003083390	62
Ehux_207150	62
Rfil_3789974_4s1f1	62
Vcar_XP_002949210	63
Scil_46955	63
Vcar_XP_002948876	63
Tgon_XP_002370918	63
Lmaj_XP_001686198	63
Vcar_XP_002950612	63
Pmar_XP_002778734	63
Tgon_XP_002368273	63
Acas_g7722	63
Cowc_CAOG_00050	63
Ncra_1859NCU02088	63
Fgra_FGSG_01400	63
Bsal_BS45760	63
Crei_XP_001693810	63
Pfal_Q8IIL1_Q8IIL1	63
Lmaj_XP_001687015	64
Cowc_CAOG_02820	64
Tcru_XP_819846	64
Aker_50153	64
Cpar_22282Contig37429	64
Bsal_BS14130	64
Bnat_68204	65
Sarc_SARC_10855	65
Sarc_SARC_12000	65
Otau_XP_003079712	65
Mlei_ML167015a	65
Cfra_2216T1	65
Bsal_BS33470	66
Lmaj_XP_001683692	66
Lmaj_XP_001686591	66
Tcru_XP_809765	66
Tcru_XP_810987	66
Bsal_BS02315	66
Lmaj_XP_001684263	66
Mpus_Micpu156466	66
Cpar_9156Contig43085	66
Bsal_BS83695	66
Tcru_XP_807760	66
Tcru_XP_803514	66
Otau_XP_003083373	66
Tcru_XP_819325	66
Tcru_XP_813687	66
Bden_Batde5_22093	67
Umay_XP_760304	67
Clim_g2752	67
Bnat_144574	67
Ncra_4300NCU04825	67
Rfil_3729028_5s1f1	67
Mver_03357	67
Cang_150051	67
Cpar_713Contig10998	67
Ccor_56944	67
Ehux_218460	67
Umar_244349	67
Mcir_Mucci2_142530	67
Aker_101000	67
Rory_6679	67
Pbla_Phybl2_171920	67
Bnat_136948	67
Sros_PTSG_08195	68
Mbre_XP_001751054	68
Tpse_XP_002293109	69
Glam_XP_001707862	69
Tvag_XP_001312747	69
candidate_division_YNPFFA_archaeon_S	69
Gthe_78620	69
crenarchaeote_SCGC_AAA261C22_5166683	69
Ccin_CC1G_05693	69
Nspp_22980_fr5	69
Tvag_XP_001314927	69
Nspp_21466_fr4	69
Mpus_Micpu52497	70
Esil_CBJ49061	70
Esil_CBJ30401	70
Umar_226245	70
Vcar_XP_002950044	70
Tadh_XP_002117623	71
Cgig_10026622	71
Hmag_XP_002169411	71
Dmel_FBpp0111689	71
Ocar_g3910_t1	71
Skow_XP_002731923	71
Hsap_ENSP00000326477	71
Hsap_ENSP00000271640	71
Cint_ENSCINP00000019485	71
Lgig_111681	71
Ctel_224568	71
Adig_5360v122594	71
Cele_R05D3_11	71
Nvec_XP_001627377	71
Spur_XP_003723917	71
Acoe_133_00028	72
Bdis_4g28460	72
Mgut_mgv1a021585m	72
Sbic_07g019860	72
Acoe_005_00512	72
Acoe_021_00113	72
Acoe_002_00419	72
Sbic_02g022936	72
Sbic_07g019863	72
Mgut_mgv1a006459m	72
Atha_AT2G22740	72
Atha_AT2G35160	72
Sbic_07g019850	72
Acoe_005_00513	72
Bdis_3g35330	72
Bdis_4g28792	72
Smoe_XP_002976443	72
Smoe_XP_002979834	72
Acoe_001_00249	72
Acoe_010_00310	72
Mgut_mgv1a020163m	72
Pbla_Phybl2_188395	73
Rfil_3716423_1s	73
Bnat_91950	73
Mver_05382	73
Ccor_71261	73
Umar_250739	73
Mgut_mgv1a024773m	73
Rfil_3793145_3s	73
Candidatus_Micrarchaeum_acidiphilum_	73
Sbic_09g030160	73
Cvar_EFN50775	73
Tthe_XP_001015055	73
Ptet_A0EI13_A0EI13	73
Smoe_XP_002994017	73
Ptet_A0ECS5_A0ECS5	73
Ppat_XP_001771149	73
Smoe_XP_002987941	73
Atha_AT4G20130	73
Ptet_A0DV50_A0DV50	73
Gpro_66573	73
Mgut_mgv1a005196m	73
Sros_PTSG_04969	73
Bdis_2g14720	73
Acoe_002_01301	73
Rfil_3735841_7s	73
Cvar_EFN56803	73
Ttra_AMSG_03613	74
Pyez_31104_g7601	74
Tthe_XP_001029767	74
Rall_3554	74
Ptet_A0D3D7_A0D3D7	74
Ccri_T00003237001	74
Scil_72863	75
Hmag_XP_002157195	75
Umar_238155	75
Ehux_63772	75
Apar_comp10678_c1_seq1_fr5	75
Aker_82917	75
Skow_XP_002731395	75
Acas_g9962	75
Hmag_XP_002157170	75
Umay_XP_756547	75
Rfil_29978_4c	75
Glam_XP_001705541	75
Cgig_10028705	75
Hsap_ENSP00000373354	75
Cgig_10016376	75
Nvec_XP_001641871	75
Cfra_6612T1	75
Sarc_SARC_01720	75
Lgig_116536	75
Tmel_XP_002836926	75
Cneo_XP_572587	75
Ppal_EFA81400_1	76
Ddis_XP_647084	76
Umar_257941	77
Methanoculleus_marisnigri_500169079_	77
Methanosarcina_barkeri_499626817_12_	77
Ppat_XP_001754318	77
Aker_27813	77
Spom_NP_588361_1	77
Methanosarcina_mazei_499345213_19_11	77
Mver_09038	77
Ccin_CC1G_07120	77
Mcir_Mucci2_113296	77
Methanosarcina_acetivorans_499331191	77
Pbla_Phybl2_8439	77
Ctel_101446	77
Bnat_131745	77
Umay_XP_756905	77
Apar_comp19133_c0_seq1_fr5	77
Ihof_6020	77
Methanofollis_liminatans_490138677_1	77
Nspp_5347_fr6	77
Bsal_BS29950	77
Rory_11090	77
Aano_F0YCX0	77
Ccri_T00001983001	78
Acoe_017_00002	78
Sbic_08g002530	78
Cmer_CMG025C	78
Rfil_3789713_2s	78
Cgig_10002357	78
Smoe_XP_002962407	78
Smoe_XP_002963921	78
Ppat_XP_001768289	78
Smoe_XP_002965618	78
Atha_AT5G42400	78
Bdis_4g01790	78
Ppat_XP_001771062	78
Mgut_mgv1a023175m	78
Pyez_40134_g9249	78
Umar_174815	79
Spun_SPPG_04443	79
Fgra_FGSG_07445	79
Gpro_96002	79
Ddis_XP_636258	79
Nspp_552_fr5	79
Pisp_26066	79
Spom_NP_587812_1	79
Crev_25774	79
Ppal_EFA75361_1	79
Rory_5510	79
Mcir_Mucci2_137855	79
Bden_Batde5_35515	79
Scer_SCRT_04833	79
Ncra_1100NCU01206	79
Rory_11085	79
Mver_03320	79
Pbla_Phybl2_20422	79
Pbla_Phybl2_34196	79
Tmel_XP_002840838	79
Ehux_206556	79
Lmaj_XP_001683686	80
Clim_g5415	80
Tcru_XP_819332	80
Tcru_XP_808430	81
Otau_XP_003078978	81
Ehux_449623	81
Cvar_EFN52201	81
Tcru_XP_807159	81
Lmaj_XP_001683417	81
Aker_56423	81
Pfal_Q8IDE8_Q8IDE8	81
Crev_44617	81
Pmar_XP_002765694	82
Pmar_XP_002785721	82
Cneo_XP_568860	82
Mbre_XP_001749562	83
Gpro_135736	83
Sros_PTSG_01403	83
Atha_AT5G17240	84
Sbic_02g032970	84
Cvar_EFN53212	84
Mpus_Micpu60905	84
Smoe_XP_002991656	84
Ppat_XP_001763237	84
Bdis_1g28267	84
Acoe_002_01366	84
Smoe_XP_002991099	84
Esil_CBN80336	84
Lgig_116803	85
Fgra_FGSG_06529	85
Cfra_7019T1	85
Spom_NP_588078_1	85
Cang_125152	85
Falb_H696_04933T0	85
Spur_XP_800216	85
Cang_122643	85
Ihof_10267	85
Ncra_7565NCU08551	85
Rfil_110236_1c	85
Pbla_Phybl2_112008	85
Cowc_CAOG_02948	85
Rory_2737	85
Crev_43176	85
Cang_122703	85
Rall_3287	85
Hsap_ENSP00000305899	85
Skow_XP_002732220	85
Rory_5415	85
Cgig_10007764	85
Apar_comp16015_c3_seq1_fr4	85
Hmag_XP_002166241	85
Dmel_FBpp0070146	85
Clim_g4811	85
Spun_SPPG_04024	85
Nspp_13715_fr4	85
Cele_C32D5_5	85
Amac_13870	85
Mcir_Mucci2_135209	85
Ctel_228696	85
Sros_PTSG_09637	85
Pisp_49244	85
Umay_XP_756690	85
Rory_16697	85
Umar_223368	85
Mver_08497	85
Gpro_132992	85
Hsap_ENSP00000255613	85
Ocar_g3228_t1	85
Ccor_10342	85
Mlei_ML02412a	85
Tmel_XP_002839141	85
Bden_Batde5_8511	85
Amac_11412	85
Tadh_XP_002115573	85
Ccin_CC1G_11834	85
Nvec_XP_001634769	85
Mcir_Mucci2_150356	85
Cint_ENSCINP00000001120	85
Candidatus_Parvarchaeum_acidophilus_	86
Cowc_CAOG_00526	86
Acas_g9900	86
Esil_CBN80460	86
Lmaj_XP_001685790	86
Vcar_XP_002956736	87
Cowc_CAOG_08663	87
Mpus_Micpu58974	87
Ngad_05719	87
Crei_XP_001694205	87
Vcar_XP_002958423	87
Pmar_XP_002768910	87
Vcar_XP_002954435	87
Cpar_29282Contig7038	87
Apar_comp13957_c2_seq1_fr5	87
Nspp_5246_fr2	87
Cpar_18258Contig14362	87
Crei_XP_001700164	87
Acas_g8002	87
Nspp_5247_fr1	87
Vcar_XP_002950723	87
Pmar_XP_002777347	87
Cang_123406	88
Rfil_3803193_1s1f1	88
Smoe_XP_002962575	89
Aker_60563	89
Smoe_XP_002993931	89
Ehux_204100	89
Gthe_120234	89
Ppat_XP_001772391	89
Mgut_mgv1a007180m	90
Sbic_01g010740	90
Acoe_082_00002	90
Bdis_1g11010	90
Ppat_XP_001778213	90
Smoe_XP_002981276	90
Atha_AT2G17900	90
Mgut_mgv1a005471m	90
Mgut_mgv1a006005m	90
Scil_16111	90
Smoe_XP_002969663	90
Bden_Batde5_87992	91
Apar_comp18210_c0_seq1_fr4	91
Ihof_9158	91
Tcru_XP_811365	92
Bsal_BS47385	92
Ccor_74124	92
Tcru_XP_819619	92
Dmel_FBpp0087091	92
Lmaj_XP_001680872	92
Atha_AT2G44150	93
Acoe_010_00651	93
Atha_AT4G30860	93
Ppat_XP_001768386	93
Bdis_1g20527	93
Ppat_XP_001752811	93
Ppat_XP_001765507	93
Bdis_3g36790	93
Bdis_3g48497	93
Atha_AT3G59960	93
Sbic_07g021810	93
Sbic_04g025725	93
Mgut_mgv1a023306m	93
Acoe_016_00362	93
Smoe_XP_002979406	93
Bdis_4g27797	93
Mgut_mgv1a004719m	93
Sbic_02g020844	93
Ptri_XP_002177534	93
Mgut_mgv1a025945m	93
Smoe_XP_002994293	93
Tcru_XP_817580	94
Tcru_XP_810880	94
Lmaj_XP_001684837	94
Tcru_XP_819082	94
Ptri_XP_002181177	94
Bsal_BS60515	94
Tcru_XP_820419	94
Gthe_120775	94
Tpse_XP_002295698	94
Lmaj_XP_001683158	94
Cgig_10012735	95
Ctel_118237	95
Skow_XP_002740933	95
Lgig_143433	95
Pmar_XP_002786654	95
Adig_6000v123107	95
Hmag_XP_002159692	95
Bdis_3g17710	96
Nspp_10039_fr6	96
Falb_H696_05585T0	96
Nspp_10040_fr4	96
Ppat_XP_001779453	96
Atha_AT2G19640	96
Acoe_024_00050	96
Smoe_XP_002970670	96
Mgut_mgv1a008254m	96
Sbic_07g005870	96
Sagg_16132	97
Ocar_g3171_t1	97
Aker_79755	97
Bnat_79704	98
Atha_AT3G56570	98
Umar_261166	98
Tpse_XP_002286979	98
Aker_99331	98
Pisp_1176	98
Mgut_mgv1a005032m	98
Mcir_Mucci2_108485	98
Falb_H696_00372T0	98
Cvar_EFN55406	98
Acoe_014_00106	98
Cfra_3222T1	98
Otau_XP_003083827	98
Ccor_17587	98
Smoe_XP_002986909	98
Mpus_Micpu39853	98
Ppal_EFA82146_1	98
Mver_07617	98
Bdis_2g56792	98
Smoe_XP_002977945	98
Scer_SCRT_02936	98
Sbic_03g041640	98
Mbre_XP_001747639	98
Bden_Batde5_87914	98
Crei_XP_001696150	99
Ccri_T00006890001	99
Ddis_XP_637036	99
Vcar_XP_002948672	99
Ppal_EFA82762_1	99
Pyez_19832_g4888	99
Mpus_Micpu7678	100
Mgut_mgv1a024362m	100
Tthe_XP_001019150	100
Mgut_mgv1a026305m	100
Ppat_XP_001784397	100
Acoe_014_00396	100
Ptet_A0BXH7_A0BXH7	100
Acoe_013_00049	100
Apar_comp22500_c2_seq1_fr6	100
Mgut_mgv1a023273m	100
Ihof_8075	100
Mgut_mgv11b021588m	100
Atha_AT5G24330	100
Atha_AT5G09790	100
Spur_XP_782916	100
Bdis_3g02220	100
Sbic_04g001900	100
Mgut_mgv1a025560m	100
Mgut_mgv1a024041m	100
Smoe_XP_002968131	100
Ptet_A0C830_A0C830	100
Ctel_112305	100
Mvib_comp13337_c0_seq1_fr4	100
Sbic_03g046950	100
Tpse_XP_002293206	100
Bdis_2g61717	100
Cvar_EFN54317	100
Mgut_mgv1a009128m	100
Ihof_7581	101
Mbre_XP_001745265	101
Dmel_FBpp0075717	101
Gthe_109934	101
Mpus_Micpu59996	101
Otau_XP_003079708	101
Sagg_38208	102
Ppal_EFA84886_1	102
Pisp_45708	103
Skow_XP_002734659	103
Hsap_ENSP00000337976	103
Spur_XP_782949	103
Ihof_3673	103
Scil_53898	103
Aque_XP_003389507	103
Crev_81553	103
Bsal_BS32645	103
Lgig_134869	103
Hsap_ENSP00000346997	103
Hmag_XP_002162409	103
Rall_4856	103
Nvec_XP_001628294	103
Cint_ENSCINP00000001349	103
Ctel_140913	103
Mlei_ML05765a	103
Cgig_10004599	103
Apar_comp14837_c0_seq1_fr6	103
Sbic_03g044580	104
Cpar_157Contig10195	104
Bdis_2g59430	104
Mgut_mgv1a005143m	104
Bdis_2g26840	104
Atha_AT5G13960	104
Apar_comp21086_c0_seq1_fr6	104
Smoe_XP_002974605	104
Acoe_110_00035	104
Acoe_043_00022	104
Ppat_XP_001775340	104
Sbic_09g019060	104
Ppat_XP_001785416	104
Smoe_XP_002963315	104
Ihof_8812	104
Ctel_153177	105
Cele_T12D8_1	105
Tadh_XP_002117983	105
Scil_6054	105
Nvec_XP_001629652	105
Spur_XP_003724175	105
Spur_XP_795757	105
Sros_PTSG_07559	105
Adig_1072v119182	105
Cint_ENSCINP00000003156	105
Nspp_18097_fr5	105
Mver_03069	105
Mlei_ML015714a	105
Hmag_XP_002169286	105
Hsap_ENSP00000347325	105
Cgig_10022561	105
Cowc_CAOG_01362	105
Bdis_3g13430	105
Dmel_FBpp0070347	105
Spur_XP_003724176	105
Hsap_ENSP00000301067	105
Lgig_215812	105
Skow_XP_002736118	105
Atha_AT2G31650	106
Atha_AT1G05830	106
Ppat_XP_001780587	106
Ppat_XP_001766115	106
Tvag_XP_001584257	106
Crei_XP_001693149	106
Smoe_XP_002982095	106
Smoe_XP_002992195	106
Ppat_XP_001767466	106
Mgut_mgv1a000532m	106
Cvar_EFN53930	106
Smoe_XP_002974368	106
Bdis_4g08510	106
Vcar_XP_002956071	106
Sbic_02g016820	106
Acoe_058_00150	106
Smoe_XP_002975241	106
Ehux_450763	107
Ehux_97974	107
Gthe_61291	107
Ihof_7061	107
Apar_comp19989_c1_seq1_fr6	107
Ehux_458569	107
Ehux_216151	107
Ehux_108024	107
Aano_F0YKM1	108
Aker_58374	108
Bnat_134149	108
Aano_F0YHL9	108
Pmar_XP_002765240	109
Ncra_8877NCU10039	109
Ptri_XP_002178104	109
Tpse_XP_002294128	110
Nspp_113_fr4	110
Tcru_XP_818076	110
Tcru_XP_815256	110
Tcru_XP_810935	110
Tcru_XP_819951	110
Lmaj_XP_001682529	110
Tpse_XP_002294102	110
Tpse_XP_002293273	110
Tpse_XP_002292274	110
Nspp_113_fr1	110
Tpse_XP_002287611	110
Crei_XP_001692007	110
Bsal_BS34450	110
Pmar_XP_002765502	111
Cowc_CAOG_01403	111
Acas_g4936	111
Pmar_XP_002776582	111
Pmar_XP_002784695	111
Mpus_Micpu152724	111
Pmar_XP_002766618	111
Ehux_193798	111
Tcru_XP_815712	112
Lmaj_XP_001681739	112
Bsal_BS57140	112
Tcru_XP_821968	112
Ddis_XP_642738	112
Cele_F02D10_7	112
Apar_comp13703_c0_seq1_fr5	113
Bsal_BS12885	113
Pfal_Q8I352_Q8I352	113
Scil_42146	113
Acoe_002_00689	114
Smoe_XP_002983944	114
Sbic_02g024510	114
Ppat_XP_001785817	114
Cele_Y92H12BR_6	114
Spom_NP_588349_1	114
Atha_AT1G14030	114
Mgut_mgv1a005377m	114
Bdis_4g30040	114
Smoe_XP_002960727	114
Tcru_XP_802331	115
Gthe_143201	115
Ehux_228606	115
Ehux_207807	115
Acas_g4900	115
Ehux_205579	115
Ehux_250053	115
Bnat_72013	116
Otau_XP_003078489	116
Mpus_Micpu146864	116
Ccin_CC1G_15535	117
Cneo_XP_570558	117
Lgig_175490	117
Lgig_175732	117
Sagg_93319	118
Ccin_CC1G_11463	118
Pinf_XP_002998487	118
Ccin_CC1G_07522	118
Ccin_CC1G_07521	118
Ccin_CC1G_11459	118
Ccin_CC1G_03976	118
Ccin_CC1G_03986	118
Esil_CBJ31723	118
Mlei_ML12425a	118
Ccin_CC1G_15570	118
Ppal_EFA77773_1	119
Bsal_BS66035	119
Gthe_99101	119
Cfra_2578T1	119
Nspp_17480_fr3	119
Tadh_XP_002112735	119
Apar_comp12770_c0_seq1_fr4	119
Bnat_90901	119
Hsap_ENSP00000274031	119
Ihof_5851	119
Rfil_3780083_1s1f1	119
Sarc_SARC_15066	119
Falb_H696_04941T0	119
Spun_SPPG_00148	119
Ddis_XP_636856	119
Cowc_CAOG_04513	119
Scil_69355	119
Ddis_XP_647677	120
Scer_SCRT_04921	120
Acoe_004_00718	120
Atha_AT5G06620	120
Scil_51071	120
Gthe_136248	120
Mgut_mgv1a010398m	120
Ehux_103292	120
Sbic_01g022220	120
Fgra_FGSG_07032	120
Ptet_A0DC90_A0DC90	121
Esil_CBJ30557	121
Tthe_XP_001009518	121
Bnat_91120	121
Rfil_51688_4s1f1	121
Apar_comp15138_c0_seq1_fr6	121
Bnat_51539	121
Rfil_24771_5c	121
Tthe_XP_001008992	121
Cvar_EFN51653	121
Ptet_A0D0I4_A0D0I4	121
Ngad_00769	121
Ptet_A0DHF9_A0DHF9	121
Bnat_47055	121
Vcar_XP_002949173	121
Aano_F0YNA7	121
Tpse_XP_002295030	121
Aker_60871	121
Ptri_XP_002183467	121
Crei_XP_001693751	121
Ihof_8776	121
Tthe_XP_001021989	121
Gthe_137874	122
Cele_Y43F4B_3	122
Atha_AT5G53430	123
Cang_65771	123
Smoe_XP_002961390	123
Crei_XP_001703016	123
Acoe_013_00096	123
Mpus_Micpu21435	123
Bdis_2g45430	123
Sbic_03g029850	123
Smoe_XP_002980880	123
Vcar_XP_002947900	123
Sbic_03g001640	123
Spun_SPPG_01685	123
Acas_g2013	123
Spun_SPPG_06877	123
Atha_AT4G27910	123
Cvar_EFN53400	123
Atha_AT3G61740	123
Otau_XP_003078017	123
Smoe_XP_002964071	123
Mgut_mgv1a000575m	123
Acoe_037_00166	123
Acas_g11528	123
Smoe_XP_002975450	123
Acoe_021_00020	123
Bdis_2g07082	123
Ppat_XP_001777592	123
Ccin_CC1G_07286	124
Ddis_XP_646203	124
Tpse_XP_002292313	124
Pmar_XP_002771602	124
Cele_C07A9_7a	124
Cowc_CAOG_03801	124
Ddis_XP_002649106	124
Ppal_EFA77024_1	124
Rfil_12413_15cf1	124
Bden_Batde5_88226	124
Ngad_06548	124
Cfra_3630T1	125
Sarc_SARC_00017	125
Pbla_Phybl2_146259	125
Mcir_Mucci2_83879	125
Spun_SPPG_02658	125
Umar_252023	125
Crev_44170	125
Mver_07358	126
Lgig_160845	126
Rory_16826	126
Ptri_XP_002184309	126
Aker_62099	126
Ehux_227470	126
Pmar_XP_002778246	126
Ihof_7302	126
Esil_CBJ26466	126
Umar_191570	126
Cgig_10010760	126
Cgig_10010761	126
Sros_PTSG_08216	126
Mcir_Mucci2_142882	126
Cgig_10027102	126
Glam_XP_001705534	126
Lgig_232186	126
Pbla_Phybl2_98969	126
Pmar_XP_002770949	126
Apar_comp22796_c1_seq1_fr5	126
Pbla_Phybl2_156239	127
Dmel_FBpp0082583	127
Ccor_44719	127
Ddis_XP_646062	127
Cele_F34D6_4	127
Rfil_24410_3cf1	127
Nspp_17621_fr3	127
Ppal_EFA86329_1	127
Gpro_56876	127
Sarc_SARC_05279	128
Amac_13344	128
Rall_5515	128
Clim_g610	128
Ngru_XP_002683109	128
Cang_102567	128
Amac_13595	128
Cfra_6039T1	128
Falb_H696_00716T0	128
Ttra_AMSG_09203	128
Umay_XP_758824	128
Apar_comp20410_c1_seq1_fr5	129
Crei_XP_001701055	129
Amac_06329	129
Amac_02693	129
Vcar_XP_002951402	129
Ihof_1171	129
Cvar_EFN54848	129
Nspp_13101_fr6	129
Cpar_14930Contig8823	129
Tgon_XP_002364904	129
Ncra_1713NCU01932	129
Nspp_13100_fr6	129
Tmel_XP_002836395	129
Fgra_FGSG_08916	129
Pfal_Q8IBB0_Q8IBB0	129
Ehux_425757	129
Gthe_75734	130
Tpse_XP_002296329	130
Ptri_XP_002176658	130
Gthe_45335	131
Ehux_47083	131
Ehux_57610	131
Rfil_3716155_1s1f1	131
Tpse_XP_002290191	131
Bnat_32408	131
Ptri_XP_002178023	131
Pfal_Q8I5R3_Q8I5R3	132
Dmel_FBpp0071271	132
Dmel_FBpp0070406	132
Sarc_SARC_01991	133
Tcru_XP_821025	133
Tcru_XP_811494	133
Mlei_ML06271a	134
Spom_NP_595186_1	134
Tvag_XP_001276923	134
Esil_CBN78130	134
Tpse_XP_002286409	135
Ppal_EFA75028_1	135
Gpro_130154	135
Ptri_XP_002176598	135
Ptri_XP_002178236	135
Ptri_XP_002182379	135
Ptri_XP_002178582	135
Ptri_XP_002176608	135
Tpse_XP_002295860	135
Tpse_XP_002290162	135
Tthe_XP_001014276	135
Ddis_XP_636817	135
Ptri_XP_002178424	135
Tpse_XP_002294686	135
Ptri_XP_002179500	135
Acas_g15151	135
Ppat_XP_001755464	135
Ptri_XP_002180352	135
Tpse_XP_002296236	135
Ptri_XP_002180933	135
Tpse_XP_002288187	135
Bnat_135435	136
Gthe_114060	136
Esil_CBN75653	136
Mpus_Micpu48831	136
Tpse_XP_002295747	136
Umar_235646	136
Mcir_Mucci2_187976	136
Gthe_47131	137
Pfal_Q8IE95_Q8IE95	137
Sarc_SARC_05941	137
Ngru_XP_002675415	137
Scil_16325	137
Bnat_82444	137
Scil_28186	137
Cfra_6692T1	137
Ncra_1750NCU01973	138
Ihof_1997	138
Scer_SCRT_03567	138
Scer_SCRT_04049	138
Apar_comp11676_c0_seq1_fr6	138
Tgon_XP_002364398	139
Acas_g413	139
Spun_SPPG_03824	140
Fgra_FGSG_01168	140
Clim_g4632	141
Mvib_comp8761_c1_seq1_fr5	141
Tpse_XP_002291362	142
Ptri_XP_002181282	142
Esil_CBN75119	142
Sagg_21866	142
Cmer_CMQ156C	143
Pyez_46867_g10259	143
Ttra_AMSG_09360	143
Ehux_465073	143
Ehux_465838	143
Ccin_CC1G_15399	143
Scil_108301	143
Tpse_XP_002291638	143
Scil_111041	143
Ehux_219861	143
Pyez_42793_g9647	143
Pyez_28201_g6931	144
Vcar_XP_002954958	144
Crei_XP_001702027	144
Scil_15884	145
Smoe_XP_002986562	145
Vcar_XP_002949759	146
Crei_XP_001691757	146
Mpus_Micpu59628	147
Cpar_17438Contig12482	147
Ccin_CC1G_02952	147
Gthe_134519	147
Tthe_XP_001022867	147
Fgra_FGSG_12802	147
Aker_52254	147
Fgra_FGSG_11267	147
Spom_NP_588413_1	147
Mver_00444	147
Fgra_FGSG_11277	147
Ncra_8418NCU09495	147
Sarc_SARC_14637	148
Cfra_1743T1	148
Nspp_11197_fr2	148
Mver_03338	149
Rirr_72238	149
Amac_04388	149
Gpro_54135	149
Mver_00548	149
Spun_SPPG_03192	149
Umar_220360	149
Acas_g5159	150
Mpus_Micpu60109	150
Smoe_XP_002983459	150
Ppat_XP_001775739	150
Smoe_XP_002974033	150
Tcru_XP_820332	151
Ddis_XP_636699	151
Ppal_EFA82935_1	151
Ncra_7768NCU08790	151
Cvar_EFN56428	151
Mlei_ML003211a	151
Vcar_XP_002956564	151
Acas_g4318	151
Cneo_XP_569679	151
Bsal_BS43455	151
Ncra_1923NCU02158	152
Fgra_FGSG_08862	152
Rall_5223	152
Pinf_XP_002997928	152
Gthe_147375	152
Tmel_XP_002838074	152
Crei_XP_001703683	153
Gthe_148776	153
Rirr_345750	153
Ngru_XP_002681273	153
Tpse_XP_002296687	153
Mpus_Micpu183344	153
Vcar_XP_002947984	154
Tcru_XP_811859	154
Crei_XP_001690983	154
Cpar_7249Contig38650	154
Gthe_117107	154
Ehis_357_m00040	154
Tcru_XP_815384	154
Bsal_BS12335	154
Crei_XP_001695318	154
Ccri_T00000804001	154
Ptri_XP_002183255	154
Cang_63048	155
Amac_06340	155
Hsap_ENSP00000393453	156
Cint_ENSCINP00000006865	156
Spur_XP_003725758	157
Hmag_XP_002155522	157
Hmag_XP_002164363	157
Hmag_XP_002168824	157
Cgig_10007233	157
Hmag_XP_002170435	157
Hmag_XP_002166795	157
Spur_XP_003731178	157
Ehux_204488	158
Methanoregula_formicicum_505097517_3	158
Amac_15442	158
Cvar_EFN59137	158
Ehux_97090	158
Ehux_209727	158
Aano_F0YNW7	158
Mver_05042	158
Ehux_210292	158
Nspp_4954_fr6	158
Crei_XP_001691756	158
Pyez_35808_g8561	158
Amac_06513	158
Ehux_213142	158
Pmar_XP_002775574	159
Tpse_XP_002295028	159
Tpse_XP_002295884	159
Gthe_54440	160
Acoe_007_00118	160
Atha_AT2G23740	160
Smoe_XP_002986381	160
Ppat_XP_001774300	160
Sbic_04g030350	160
Ppat_XP_001768106	160
Ppat_XP_001782279	160
Bdis_3g52950	160
Smoe_XP_002988688	160
Ccor_69947	160
Ppat_XP_001756860	160
Mgut_mgv1a000212m	160
Aker_59574	161
Rirr_342860	161
Tpse_XP_002286796	161
Gthe_112741	161
Bsal_BS15900	161
Nspp_17674_fr6	161
Tpse_XP_002289165	161
Gthe_108853	161
Sagg_87985	161
Cpar_30297Contig7977	161
Ehux_454711	162
Cowc_CAOG_03954	162
Acas_g2756	162
Apar_comp17667_c0_seq1_fr5	162
Ddis_XP_641994	162
Ppal_EFA83075_1	162
Ihof_8584	162
Tcru_XP_807434	163
Cvar_EFN53459	163
Vcar_XP_002952881	163
Gthe_102686	163
Cvar_EFN58949	163
Crei_XP_001696458	163
Esil_CBJ26036	163
Mpus_Micpu186708	163
Vcar_XP_002952189	163
Crei_XP_001698886	163
Ptri_XP_002181881	163
Crei_XP_001698255	163
Ehux_107247	164
Vcar_XP_002958609	164
Ehux_242820	164
Gthe_121141	164
Ptri_XP_002182466	164
Crei_XP_001695337	164
Spom_NP_593610_1	164
Smoe_XP_002962082	165
Smoe_XP_002971005	165
Smoe_XP_002961588	165
Smoe_XP_002962081	165
Smoe_XP_002971004	165
Scil_44857	165
Gthe_134587	166
Ppal_EFA76078_1	166
Pmar_XP_002786443	166
Bnat_87809	166
Bsal_BS60255	167
Gpro_156978	167
Esil_CBJ32293	167
Spun_SPPG_00764	167
Apar_comp4722_c0_seq1_fr4	167
Nspp_9529_fr1	167
Cneo_XP_572264	168
Ccin_CC1G_12392	168
Cang_120080	168
Dmel_FBpp0070062	168
Bnat_80755	168
Mcir_Mucci2_146498	168
Mlei_ML08863a	168
Rory_15688	168
Ccri_T00007373001	169
Tthe_XP_001022224	169
Ccri_T00007370001	169
Tthe_XP_001024559	169
Ccri_T00007377001	169
Fgra_FGSG_03752	170
Bsal_BS08375	170
Pisp_13055	170
Mver_07756	170
Cele_K09F5_5	171
Pinf_XP_002907011	171
Mvib_comp10766_c1_seq1_fr4	171
Apar_comp15960_c0_seq1_fr5	171
Sarc_SARC_00855	171
Cfra_7962T1	171
Ihof_10001	171
Cowc_CAOG_08491	171
Ccri_T00005548001	172
Cgig_10001890	172
Cvar_EFN51670	173
Bnat_77373	173
Crei_XP_001703025	173
Smoe_XP_002989522	173
Mgut_mgv1a005562m	173
Tcru_XP_817814	173
Atha_AT1G24610	173
Bnat_70745	173
Pinf_XP_002908955	173
Ppat_XP_001759585	173
Tcru_XP_809677	173
Acoe_091_00078	173
Smoe_XP_002964620	173
Vcar_XP_002955706	173
Otau_XP_003083454	173
Sbic_04g028760	173
Pinf_XP_002899517	174
Ecun_XP_955728	174
Sros_PTSG_12820	174
Pinf_XP_002899518	174
Mbre_XP_001742056	175
Tadh_XP_002110982	175
Sros_PTSG_12482	175
Otau_XP_003084058	175
Ehis_32_m00242	176
Mlei_ML064936a	176
Ncra_269NCU00296	176
Ehis_175_m00101	176
Ehis_293_m00061	176
Rirr_12309	177
Otau_XP_003082564	177
Sarc_SARC_00311	177
Ncra_7717NCU08733	177
Ehux_367482	178
Ehux_434670	178
Gpro_53695	178
Aker_45975	178
Bnat_69864	179
Aano_F0YC01	179
Pyez_16402_g3986	179
Bnat_79440	180
Pinf_XP_002896918	180
Bnat_91178	180
Cpar_7835Contig39496	180
Falb_H696_02995T0	180
Ccin_CC1G_14984	180
Gthe_166263	180
Esil_CBJ33015	180
Tpse_XP_002291548	180
Otau_XP_003082109	180
Cvar_EFN57733	180
Bnat_91652	180
Gthe_92079	180
Sarc_SARC_07640	180
Cfra_6909T1	180
Gthe_102184	180
Aker_61735	180
Acas_g11510	180
Sagg_28859	180
Tgon_XP_002369144	180
Cfra_5926T1	181
Sarc_SARC_01700	181
Crei_XP_001694672	182
Ehux_242773	182
Ehux_220349	182
Vcar_XP_002952617	182
Ehux_111657	182
Ptri_XP_002186360	182
Mvib_comp7241_c1_seq1_fr4	183
Smoe_XP_002960348	183
Ppat_XP_001758194	183
Smoe_XP_002967367	183
Gthe_141117	184
Pmar_XP_002787788	184
Gpro_135584	184
Bsal_BS30470	184
Tcru_XP_814949	185
Tcru_XP_805550	185
Spun_SPPG_08305	185
Bsal_BS64460	185
Lmaj_XP_003721822	185
Pinf_XP_002999193	186
Ptri_XP_002185333	186
Esil_CBN74517	186
Tpse_XP_002296152	186
Cfra_1710T1	187
Aano_F0YD82	187
Rfil_98732_6cf1	188
Tpse_XP_002294212	188
Fgra_FGSG_04651	188
Pmar_XP_002781574	188
Ptri_XP_002185512	188
Tmel_XP_002841392	188
Pmar_XP_002772010	188
Fgra_FGSG_00040	188
Ddis_XP_629340	189
Ppal_EFA86539_1	189
Gthe_120372	189
Tcru_XP_819478	190
Tpse_XP_002297128	190
Tcru_XP_816776	190
Ehux_99883	190
Lmaj_XP_001683376	190
Bdis_5g10050	191
Mgut_mgv1a023205m	191
Atha_AT1G43245	191
Sbic_06g016550	191
Rall_1996	191
Esil_CBJ30403	191
Pisp_2064	191
Vcar_XP_002956692	192
Cvar_EFN53133	192
Crei_XP_001689919	192
Ehux_120890	192
Ehux_452240	192
Ptri_XP_002179146	193
Rall_5391	193
Mpus_Micpu178115	194
Bsal_BS64390	194
Aano_F0XYZ2	195
Ccin_CC1G_04515	195
Ehux_457456	196
Ehux_67245	196
Bnat_69038	196
Aker_62797	197
Smoe_XP_002971955	197
Cele_W01C8_3	197
Cele_K12H6_11	197
Smoe_XP_002994641	197
Spun_SPPG_03589	198
Cele_R06A4_7	198
Aano_F0XWV4	198
Ccin_CC1G_09236	198
Gthe_43393	198
Cpar_12738Contig6713	199
Tcru_XP_810430	199
Gthe_137717	199
Lmaj_XP_001683937	199
Tcru_XP_805945	199
Ppat_XP_001771670	199
Bsal_BS35450	199
Ncra_889NCU00970	200
Acas_g6446	200
Ehux_215475	201
Gpro_296781	201
Ehux_116679	201
Esil_CBJ31821	201
Pinf_XP_002908175	202
Aano_F0YC71	202
Pinf_XP_002909073	202
Apar_comp11096_c0_seq1_fr5	202
Aano_F0Y9T9	202
Glam_XP_001707053	202
Aano_F0YPS7	202
Sros_PTSG_12693	203
Ehux_100885	203
Clim_g5068	203
Ehux_202082	203
Apar_comp20464_c0_seq1_fr6	204
Nspp_14168_fr5	204
Clim_g2896	204
Amac_06505	204
Gthe_66907	204
Rfil_92400_1cf1	204
Mvib_comp12474_c0_seq1_fr5	204
Cang_107102	204
Amac_15452	204
Pinf_XP_002908311	205
Acas_g1251	205
Ccor_78081	205
Tcru_XP_819867	205
Tcru_XP_805685	205
Mbre_XP_001749926	206
Sarc_SARC_10794	206
Aker_54125	207
Dmel_FBpp0085358	207
Esil_CBN75038	207
Pinf_XP_002901710	207
Bsal_BS06595	207
Ngru_XP_002670329	207
Gthe_138770	207
Aano_F0YGG4	208
Ngru_XP_002672965	208
Mpus_Micpu192522	209
Cpar_16679Contig11180	209
Cowc_CAOG_01287	209
Ptri_XP_002182882	209
Mpus_Micpu155043	210
Acas_g7538	210
Mvib_comp11698_c0_seq1_fr6	210
Gthe_150215	211
Bnat_136247	211
Tcru_XP_810972	212
Tcru_XP_822054	212
Lmaj_XP_001683140	212
Sros_PTSG_06889	212
Cowc_CAOG_03053	213
Gthe_108453	213
Pmar_XP_002769534	213
Pmar_XP_002765366	213
Apar_comp21560_c1_seq2_fr4	213
Ihof_4965	213
Nspp_9865_fr2	213
Ppal_EFA80047_1	214
Acas_g7878	214
Apar_comp22662_c0_seq1_fr6	214
Tgon_XP_002366807	215
Ehux_223194	215
Tgon_XP_002367068	216
Umar_278813	216
Pmar_XP_002780642	216
Pmar_XP_002785717	217
Cmer_CMD005C	217
Pmar_XP_002765683	217
Mvib_comp12897_c0_seq1_fr5	217
Mvib_comp13658_c0_seq1_fr6	218
Acas_g12825	218
Ngad_06395	219
Bdis_5g10110	219
Sros_PTSG_09362	219
Sbic_06g016720	219
Acoe_045_00133	219
Rfil_20985_3cf1	219
Mbre_XP_001747378	219
Rfil_39362_2c	219
Atha_AT1G76710	219
Mgut_mgv1a005421m	219
Rfil_529913_11s	219
Ppal_EFA82595_1	220
Bsal_BS10175	220
Ddis_XP_639077	220
Ddis_XP_001733058	220
Ehux_363356	221
Ptet_A0CF66_A0CF66	221
Amac_02871	221
Ptet_A0BWW9_A0BWW9	221
Cang_129315	221
Cele_W01C8_4b	222
Gpro_57228	222
Pmar_XP_002773875	223
Cvar_EFN53641	223
Fgra_FGSG_03833	223
Vcar_XP_002949278	223
Sarc_SARC_05171	224
Cfra_1843T1	224
Pinf_XP_002894963	224
Clim_g3916	224
Ddis_XP_638717	225
Acas_g2212	225
Esil_CBN79949	226
Amac_09124	226
Mpus_Micpu192562	226
Sbic_04g033260	227
Sbic_06g024160	227
Bdis_5g17340	227
Ppat_XP_001785269	227
Sros_PTSG_06018	228
Bnat_66820	228
Acas_g11782	228
Cpar_15254Contig9229	228
Acas_g4479	229
Bden_Batde5_35411	229
Gthe_109909	230
Acas_g7267	230
Pmar_XP_002782260	231
Bsal_BS48790	231
Pmar_XP_002769782	231
Gthe_139093	231
Tthe_XP_001017546	232
Cpar_2580Contig15015	232
Mbre_XP_001745025	233
Ppal_EFA76050_1	233
Ctel_183922	233
Tpse_XP_002288295	234
Tpse_XP_002287062	234
Ptri_XP_002179507	234
Ehux_96595	234
Otau_XP_003079483	235
Ppal_EFA80204_1	235
Ihof_871	236
Apar_comp18566_c0_seq1_fr6	236
Otau_XP_003080689	237
Vcar_XP_002954057	237
Lmaj_XP_001681314	237
Bnat_71449	238
Ddis_XP_647409	238
Aano_F0YBY0	239
Aano_F0YJ55	239
Bden_Batde5_27333	239
Esil_CBJ33334	239
Gthe_73393	239
Sarc_SARC_09048	240
Gthe_55948	240
Gthe_100566	241
Ptri_XP_002177555	241
Ccin_CC1G_15023	241
